FL_DATE,OP_CARRIER,OP_CARRIER_FL_NUM,ORIGIN,DEST,CRS_DEP_TIME,DEP_TIME,DEP_DELAY,TAXI_OUT,WHEELS_OFF,WHEELS_ON,TAXI_IN,CRS_ARR_TIME,ARR_TIME,ARR_DELAY,CANCELLED,CANCELLATION_CODE,DIVERTED,CRS_ELAPSED_TIME,ACTUAL_ELAPSED_TIME,AIR_TIME,DISTANCE,CARRIER_DELAY,WEATHER_DELAY,NAS_DELAY,SECURITY_DELAY,LATE_AIRCRAFT_DELAY,Unnamed: 27,llm_delay_minutes,llm_delay_explain
2018-03-02,WN,1323,MDW,LAX,1910,1910.0,0.0,15.0,1925.0,2131.0,8.0,2150,2139.0,-11.0,0.0,,0.0,280.0,269.0,246.0,1750.0,,,,,,,-140,"The flight is departing at a time that allows enough time for the distance between CHI and LAX, but may face unforeseen delays due to airline management issues."
2018-09-07,UA,1460,ROC,ORD,1055,1045.0,-10.0,15.0,1100.0,1124.0,14.0,1147,1138.0,-9.0,0.0,,0.0,112.0,113.0,84.0,528.0,,,,,,,-92,"The flight is delayed by almost an hour due to possible air traffic control inefficiencies or other operational issues, which may have accumulated on this route. This information suggests that delay predictions rely more heavily on historical data of the carrier's route and flight frequency rather than current weather conditions."
2018-07-29,G4,659,OKC,SFB,1740,1733.0,-7.0,12.0,1745.0,2054.0,7.0,2115,2101.0,-14.0,0.0,,0.0,155.0,148.0,129.0,1061.0,,,,,,,360,"This flight is delayed due to air traffic control and operational issues at the OKC airport, leading to a significant delay in departure time. The crew is handling the situation carefully to ensure safe takeoff. Further assistance is required from ground staff to clear the runway for departure."
2018-05-14,AA,178,MCO,LAX,1608,1751.0,103.0,14.0,1805.0,1948.0,5.0,1842,1953.0,71.0,0.0,,0.0,334.0,302.0,283.0,2218.0,4.0,0.0,0.0,0.0,67.0,,-336,"The flight is delayed because it departed later than scheduled departure time by 3 hours and 36 minutes, suggesting that the airline experienced operational issues."
2018-11-03,9E,3461,RSW,CVG,1032,1022.0,-10.0,14.0,1036.0,1227.0,5.0,1249,1232.0,-17.0,0.0,,0.0,137.0,130.0,111.0,879.0,,,,,,,-17,"The flight is departing early by 1 hour and 4 minutes, suggesting a delay or headstart."
2018-02-11,AA,1312,CLT,BWI,1316,1414.0,58.0,18.0,1432.0,1523.0,7.0,1446,1530.0,44.0,0.0,,0.0,90.0,76.0,51.0,361.0,44.0,0.0,0.0,0.0,0.0,,90,"The flight was originally scheduled to depart at 13:16, but it departed at 14:06, resulting in a delay of approximately 52 minutes. The flight's distance is 361 km, which is a relatively short distance typically associated with few delays. However, the actual departure time suggests that there might have been inefficiencies or operational issues during the pre-flight preparation process."
2018-04-25,UA,206,GRR,ORD,645,631.0,-14.0,15.0,646.0,621.0,15.0,638,636.0,-2.0,0.0,,0.0,53.0,65.0,35.0,137.0,,,,,,,-71,"The flight has left in earlier than its scheduled departure time, thus the delay is negative."
2018-11-04,DL,1087,DAB,ATL,1418,1415.0,-3.0,11.0,1426.0,1523.0,10.0,1545,1533.0,-12.0,0.0,,0.0,87.0,78.0,57.0,366.0,,,,,,,-27,"Flight DL1087 is expected to depart earlier than the scheduled time. The Departure time of 1418 minutes (23:18) is -27 minutes before the schedule arrival time of 1545 minutes (19:45). This suggests that the flight may have been pre-approved for early departure, which can be common practice in some airlines."
2018-06-16,B6,330,MCO,ORH,1340,1335.0,-5.0,12.0,1347.0,1610.0,6.0,1626,1616.0,-10.0,0.0,,0.0,166.0,161.0,143.0,1091.0,,,,,,,144,"The flight is delayed due to a longer-than-anticipated flight duration, likely caused by air traffic control or other operational factors."
2018-12-12,DL,2506,ECP,ATL,1450,1447.0,-3.0,13.0,1500.0,1645.0,4.0,1705,1649.0,-16.0,0.0,,0.0,75.0,62.0,45.0,240.0,,,,,,,-155,"A delay of approximately 2 hours and 35 minutes is expected due to the flight's distance, suggesting that the plane flew faster than scheduled, likely indicating a positive trend or unusual weather conditions."
